<?xml version="1.0" encoding="UTF-8"?>
<project-private xmlns="http://www.netbeans.org/ns/project-private/1">
    <editor-bookmarks xmlns="http://www.netbeans.org/ns/editor-bookmarks/2" lastBookmarkId="0"/>
    <open-files xmlns="http://www.netbeans.org/ns/projectui-open-files/2">
        <group>
            <file>file:/C:/Users/pc/Desktop/PROG/Unidad%206/Tarea/PROG06_Tarea/src/PROG06_Ejerc1/Vehiculo.java</file>
            <file>file:/C:/Users/pc/Desktop/PROG/Unidad%206/Tarea/PROG06_Tarea/src/PROG06_Ejerc1_Util/Validar.java</file>
            <file>file:/C:/Users/pc/Desktop/PROG/Unidad%206/Tarea/PROG06_Tarea/src/PROG06_Ejerc1/Concesionario.java</file>
            <file>file:/C:/Users/pc/Desktop/PROG/Unidad%206/Tarea/PROG06_Tarea/src/PROG06_Ejerc1/Principal.java</file>
        </group>
    </open-files>
</project-private>
